{"cameraMode":{"drawMode":0,"name":"Shaded","section":"Shading Mode"},"sceneLighting":true,"audioPlay":false,"sceneViewState":{"showFog":true,"showMaterialUpdate":false,"showSkybox":true,"showFlares":true,"showImageEffects":true,"showParticleSystems":true},"in2DMode":false,"pivot":{"x":241.5878448486328,"y":37.6517448425293,"z":-0.5625},"rotation":{"x":-0.002687373897060752,"y":-0.04707951471209526,"z":-0.0001265072642127052,"w":0.9988875389099121},"size":391.6216125488281,"orthographic":false}